,trajectoryType,confidence
0,focuedSearch,12625.470529895993
1,incursion,4932.852840008136
2,chainingResponse,10577.368413073626
